Enlarged Cardiomediastinum,Cardiomegaly,Lung Opacity,Lung Lesion,Edema,Consolidation,Pneumonia,Atelectasis,Pneumothorax,Pleural Effusion,Pleural Other,Fracture,Support Devices
0.47605714,0.5017029,0.50260276,0.49154118,0.48085633,0.5020014,0.498364,0.5262849,0.49826425,0.5114505,0.52092195,0.49108157,0.5147457
0.4697118,0.44970933,0.52511936,0.55608755,0.4829889,0.5026386,0.5547532,0.54349166,0.5141488,0.51395476,0.5248065,0.48535317,0.4845837
0.4690827,0.49894693,0.5226022,0.5402557,0.5287538,0.5222639,0.5424882,0.51368016,0.49617893,0.583715,0.5439104,0.5100354,0.50155765
0.50151795,0.5105351,0.47987038,0.47863814,0.448889,0.48643994,0.48908114,0.5112192,0.47295094,0.4449191,0.4816375,0.4915657,0.47004658
0.48403063,0.4929366,0.51999027,0.5085858,0.5066778,0.5303062,0.5451343,0.4977772,0.5178021,0.54929197,0.5384188,0.520184,0.5005942
0.46932063,0.46504292,0.50919336,0.5020219,0.48853093,0.5181699,0.5290963,0.51772505,0.50811064,0.5166809,0.5269524,0.50001186,0.48882523
0.47465777,0.48909158,0.5171051,0.5161826,0.51176775,0.5326314,0.53983355,0.49817306,0.50457984,0.5737332,0.5412719,0.51627,0.4889335
0.48303282,0.48101473,0.5001519,0.5068043,0.4597174,0.48454309,0.49167806,0.49596065,0.4907596,0.46217787,0.49146724,0.49102616,0.49102226
0.4919814,0.48896357,0.5156354,0.5256031,0.48969954,0.4963574,0.5467752,0.53203183,0.49941787,0.49624813,0.51480895,0.48338237,0.48824164
0.49698827,0.43440157,0.464229,0.47010314,0.43831766,0.49970722,0.4878921,0.4652382,0.49347904,0.43121132,0.46815613,0.5033722,0.46938035
0.4798984,0.42773193,0.4751147,0.4929295,0.45136163,0.49070334,0.4994694,0.46335903,0.49863026,0.44164303,0.4820815,0.49927935,0.48052147
0.4793203,0.4963274,0.4875765,0.492166,0.4435328,0.4959521,0.5005389,0.5114462,0.50057274,0.4872824,0.503417,0.5015931,0.48378366
0.4673779,0.5067582,0.50637454,0.5362265,0.46087143,0.48756438,0.47570115,0.5287357,0.49995628,0.5262428,0.5170847,0.49680004,0.49223542
0.46633393,0.445423,0.49663407,0.54238695,0.48973525,0.49653724,0.5446009,0.48947522,0.5155824,0.5174336,0.52343714,0.49385214,0.48104128
0.4487878,0.429396,0.50308645,0.5385769,0.4530157,0.49324515,0.5320578,0.5115763,0.5011288,0.49575904,0.50623864,0.48918045,0.46237785
0.48696065,0.45300156,0.46540388,0.48881948,0.4221802,0.4911363,0.4785318,0.480418,0.48786858,0.43167302,0.4663932,0.49999794,0.46941504
0.47596738,0.4463092,0.49548465,0.5514159,0.4332513,0.49232662,0.5006167,0.5086091,0.5264899,0.49940372,0.5054918,0.49963322,0.48119745
0.4692544,0.4528571,0.5128853,0.5357732,0.4691211,0.50754255,0.5504757,0.53221124,0.50955516,0.5114667,0.52026534,0.48539573,0.4685749
0.4929929,0.5141541,0.5289735,0.5374882,0.5080133,0.48208523,0.5204012,0.52153575,0.46976343,0.46388116,0.48776767,0.48931608,0.4709711
0.47582775,0.44954267,0.47938523,0.5159591,0.4371655,0.49187803,0.49148056,0.4991963,0.5119992,0.4702698,0.4889861,0.50050235,0.4749209
0.4866289,0.49197218,0.53427523,0.55599886,0.5294734,0.5266814,0.55937433,0.5205032,0.51840156,0.583198,0.5497484,0.5018005,0.50469863
0.5080006,0.533655,0.49267274,0.49569604,0.48392907,0.47760746,0.48996478,0.5037303,0.45666602,0.4463949,0.47520325,0.49023676,0.46861216
0.47564143,0.5079063,0.5242916,0.540306,0.51210546,0.51060283,0.5385319,0.52440584,0.47958264,0.54780215,0.52431595,0.49844766,0.47112617
0.48663077,0.51651853,0.48521996,0.51546186,0.44085503,0.48919466,0.5039854,0.5155543,0.48691085,0.4847986,0.49390578,0.49787825,0.46335417
0.4922845,0.47936592,0.48004934,0.50925094,0.44283214,0.48371786,0.4681665,0.5017819,0.48074588,0.44006062,0.46630934,0.49336326,0.46722227
0.48623618,0.43276238,0.49329984,0.49294716,0.4615698,0.48962256,0.49243996,0.48690912,0.50727147,0.4582606,0.497289,0.4938358,0.49994266
0.48687732,0.4721681,0.51675624,0.50972176,0.4874851,0.5205959,0.5340466,0.5383495,0.5200634,0.533922,0.5358454,0.49609178,0.5124537
0.468844,0.4645821,0.50571555,0.5369644,0.47779343,0.49927402,0.540646,0.48966962,0.52490956,0.5091959,0.5184867,0.5080442,0.4838405
0.47125584,0.4480121,0.5115485,0.55175275,0.48027495,0.4838017,0.52381307,0.5000511,0.5197134,0.46959385,0.5017014,0.49256274,0.4978763
0.49004564,0.53635144,0.5254589,0.5061643,0.5226702,0.50769687,0.53052825,0.5168695,0.4823858,0.5268274,0.52112234,0.5080211,0.50141793
0.46607172,0.47395903,0.50327957,0.5330544,0.46159944,0.5078239,0.50517416,0.52522284,0.5299381,0.56518155,0.5461752,0.50529593,0.50283086
0.5008823,0.5335883,0.5397403,0.5440987,0.53039324,0.48379332,0.53647655,0.51745814,0.47873357,0.48802567,0.5004986,0.4933399,0.48881465
0.5119136,0.5160124,0.50420874,0.5260239,0.4492313,0.47801447,0.47418642,0.5152109,0.50816584,0.4777151,0.4900376,0.49378368,0.49081382
0.47935736,0.43744314,0.49925876,0.51718986,0.4381378,0.48213017,0.47284275,0.4916854,0.5029238,0.46137273,0.48001844,0.5029859,0.490555
0.4933062,0.4461063,0.49438447,0.5039638,0.46363953,0.48360807,0.48031986,0.4746773,0.50465006,0.45334208,0.4797739,0.4973204,0.49848533
0.49062908,0.48879147,0.51760215,0.512254,0.50107855,0.5209236,0.5417425,0.5297235,0.5154743,0.54665667,0.5433335,0.4998096,0.50151473
0.494475,0.47714376,0.52366173,0.54434574,0.5032414,0.5289177,0.53208923,0.513968,0.5173838,0.57667714,0.5418598,0.5119485,0.49780637
0.47408935,0.4961901,0.5220304,0.53986764,0.47053933,0.5021462,0.52435327,0.5396421,0.50159764,0.5298038,0.5214035,0.49435753,0.47664297
0.49301267,0.4668088,0.5220301,0.5423283,0.5138265,0.506301,0.56506103,0.5119355,0.5300147,0.5236209,0.5251242,0.50592935,0.5091007
0.5113282,0.48719266,0.53661245,0.54020876,0.53047216,0.5202313,0.55333847,0.51385707,0.503134,0.53968525,0.52710956,0.50918335,0.49980995
0.48353976,0.45862705,0.47042978,0.5068767,0.42683977,0.48390836,0.49275222,0.502444,0.49864653,0.44648582,0.48170385,0.49568927,0.4633117
0.49800387,0.50127023,0.48776385,0.489181,0.4568433,0.48633057,0.49348313,0.4970151,0.46871066,0.43752477,0.47563303,0.49195522,0.46734825
0.4845295,0.5022832,0.507528,0.50714576,0.47908542,0.5025506,0.50821704,0.52472574,0.51493526,0.52811265,0.5191939,0.51115,0.5207674
0.4925717,0.47852805,0.49564394,0.51187366,0.4248622,0.4774918,0.46209183,0.51374745,0.4908752,0.4269908,0.471492,0.49773914,0.48353195
0.49282745,0.4646373,0.4582262,0.4675361,0.42747447,0.49188098,0.4764742,0.4753231,0.4825501,0.42769969,0.4640377,0.5035653,0.46617112
0.48656818,0.5245862,0.521321,0.53526825,0.5116677,0.48186877,0.51528025,0.50589675,0.47561106,0.5005907,0.50994104,0.48327315,0.4891005
0.47674814,0.5064741,0.5233201,0.5374922,0.45923826,0.48506528,0.502229,0.53159255,0.49751186,0.48555064,0.49779218,0.5011264,0.4780424
0.4911417,0.41895714,0.470954,0.47637233,0.45891798,0.4986494,0.50794834,0.45692232,0.4982654,0.43834552,0.4767737,0.5017232,0.470377
0.48044562,0.45731187,0.4899361,0.51291955,0.43900886,0.4808873,0.48088285,0.511538,0.5049198,0.44028953,0.47782874,0.4954151,0.48637432
0.49356636,0.5084875,0.525154,0.53620446,0.4939534,0.49697474,0.52956325,0.5334849,0.49529853,0.50454164,0.5140454,0.49235168,0.47418943
0.47396943,0.45555228,0.53436965,0.5540936,0.5275315,0.50638276,0.5874506,0.5108929,0.5198322,0.5072685,0.5306576,0.49020192,0.4960395
0.49144638,0.48786432,0.48231015,0.49146378,0.4409453,0.49053225,0.5019608,0.51477426,0.47073293,0.44964784,0.48058385,0.49008518,0.4541421
0.50825065,0.53912914,0.48590145,0.49043798,0.46532336,0.47676784,0.48720035,0.5026669,0.4634548,0.4435219,0.4753914,0.49095017,0.46890962
0.49403995,0.52833134,0.49232504,0.5161996,0.4357237,0.47228682,0.4448988,0.50618327,0.4930604,0.46168977,0.47195718,0.5007071,0.5019587
0.46746203,0.5064308,0.4901503,0.5204103,0.45826957,0.49796078,0.50755787,0.51983774,0.4852049,0.52855766,0.5154502,0.49412933,0.46513402
0.48987007,0.48293677,0.51116896,0.51272494,0.43124628,0.49406427,0.4982253,0.5145599,0.5203271,0.48519155,0.50452113,0.49922335,0.47841534
0.46405205,0.44346693,0.48061207,0.5085475,0.43585208,0.4918673,0.47705325,0.5151811,0.49600285,0.4689818,0.48871443,0.4885497,0.47248933
0.47535908,0.46189025,0.49029124,0.5169279,0.43545312,0.49057147,0.51738226,0.51948005,0.4825492,0.46581668,0.49226838,0.49140045,0.45086703
0.49621713,0.5031251,0.48828918,0.490714,0.44789726,0.48134416,0.48208058,0.49157044,0.4856406,0.44500083,0.48093876,0.49203768,0.47979096
0.49238652,0.44758645,0.49043933,0.51499736,0.45847604,0.48402968,0.47148126,0.48488203,0.51079667,0.43898883,0.47925115,0.5020815,0.5068033
0.49256983,0.45764053,0.47527403,0.4752529,0.44281945,0.47893327,0.4776942,0.47931856,0.47977728,0.4163313,0.46120417,0.49308598,0.46953097
0.4855337,0.47595394,0.5131513,0.4982871,0.48352727,0.50693184,0.5283894,0.5238548,0.5155762,0.50050926,0.5217924,0.498634,0.506345
0.4894618,0.48596862,0.51152885,0.5170363,0.50364864,0.52104926,0.5240929,0.52821416,0.5181864,0.5562009,0.5350591,0.50686157,0.5204051
0.4900023,0.49277174,0.50257385,0.52161735,0.45614892,0.47789475,0.45436218,0.5103612,0.5071287,0.476346,0.4917586,0.50522393,0.5059564
0.4976052,0.46105707,0.5006484,0.49563867,0.45038825,0.48566604,0.45907554,0.49146238,0.50568247,0.44294024,0.47611284,0.50578886,0.5040965
0.4891914,0.47528407,0.47501045,0.49663454,0.4336984,0.49052802,0.50667316,0.50530124,0.48459533,0.45313534,0.48236325,0.4987463,0.4499485
0.48347595,0.53064996,0.5144963,0.5141856,0.48829055,0.5039398,0.5150377,0.5200994,0.4969135,0.5326323,0.52182156,0.5042303,0.48275244
0.48511845,0.4179525,0.48694232,0.49088138,0.44924033,0.48661903,0.48630154,0.4698259,0.503274,0.44155413,0.4777338,0.49924928,0.48699254
0.48450828,0.42009646,0.47808993,0.4742937,0.45258462,0.49864265,0.49145856,0.4548868,0.5010545,0.43465698,0.47413862,0.49809393,0.486769
0.47859377,0.46797585,0.4999027,0.5086077,0.46825472,0.49296817,0.5102634,0.52925587,0.50998026,0.48868316,0.5015208,0.4929968,0.5108194
0.48852155,0.4304313,0.4600528,0.47274566,0.4359365,0.49811882,0.48628393,0.46234566,0.50224656,0.44011134,0.4684384,0.5065516,0.4749499
0.48903614,0.45422253,0.46255127,0.4758726,0.42559016,0.48053578,0.46831906,0.4747798,0.48051816,0.4243215,0.4579966,0.49887687,0.47543737
0.47616047,0.4782623,0.5348428,0.5434752,0.51939976,0.49413213,0.5540189,0.5227906,0.47491127,0.48178414,0.5025537,0.48026416,0.46744275
0.48532435,0.41944286,0.47196004,0.48228854,0.44152018,0.48941773,0.50147814,0.46634173,0.48519704,0.43488547,0.4685323,0.49794003,0.4579411
0.4775401,0.49968198,0.52017206,0.5361718,0.4726193,0.48333967,0.5064596,0.53833807,0.48467952,0.48530787,0.5023252,0.48406225,0.48442125
0.48317578,0.49249855,0.52534914,0.5294255,0.46335378,0.4953223,0.51788837,0.5238147,0.5214297,0.4871029,0.51468307,0.49824464,0.48987257
0.47061685,0.49799082,0.5259384,0.54477084,0.5344834,0.51010084,0.57065797,0.51808035,0.5043058,0.5298076,0.5320838,0.49776846,0.49359906
0.48567724,0.47706094,0.5049077,0.5067457,0.45541364,0.4837749,0.47224355,0.5008209,0.4941436,0.45412594,0.48491997,0.50175893,0.49469522
0.48634192,0.428323,0.4751766,0.471095,0.4449744,0.49256086,0.489724,0.47174168,0.48797864,0.42790842,0.47359174,0.49032527,0.47890377
0.47751632,0.4371628,0.47427472,0.48523468,0.43541598,0.49029332,0.49599782,0.48352924,0.48902252,0.4322952,0.47651255,0.4973574,0.46775693
0.47002515,0.47105414,0.516197,0.5331449,0.4682441,0.48242107,0.5279011,0.52329856,0.49355155,0.4632518,0.49978772,0.4808316,0.4636528
0.49015978,0.42684013,0.46316728,0.4741799,0.439644,0.50232005,0.48814055,0.46457136,0.50073844,0.4468359,0.4795454,0.50621927,0.47761106
0.48241222,0.47085848,0.5154719,0.5180036,0.4708099,0.50775695,0.5317268,0.50292486,0.5260534,0.49789533,0.5171053,0.5113501,0.48932973
0.45966947,0.46399406,0.5106352,0.5358203,0.5041622,0.5311192,0.5340933,0.5098999,0.5172086,0.5950017,0.5499907,0.50991946,0.49646786
0.47649023,0.45678094,0.5132595,0.53566533,0.44452542,0.49251717,0.49578485,0.5085025,0.51812136,0.5031147,0.5098211,0.5024768,0.4874088
0.5043212,0.5281677,0.5283722,0.5147039,0.5264595,0.48761863,0.5342907,0.5087155,0.47462124,0.4661691,0.49867183,0.48729408,0.49505606
0.48705155,0.5030615,0.52061695,0.49839967,0.4983686,0.5059753,0.5354697,0.5306308,0.4974982,0.5013435,0.5200024,0.4995246,0.5007808
0.48864588,0.5023831,0.48438248,0.5005407,0.45687547,0.47540602,0.49300385,0.49993747,0.4642365,0.43659115,0.4719137,0.48464403,0.46929684
0.48434433,0.459207,0.4642008,0.4907412,0.42876095,0.4868206,0.48499396,0.4757617,0.49414712,0.4345542,0.47094357,0.50708294,0.47119334
0.5074922,0.49519816,0.52327424,0.493877,0.5050101,0.51175755,0.52767664,0.51514196,0.5214754,0.50956047,0.5256485,0.510541,0.5254644
0.50419366,0.53984743,0.49693394,0.48924676,0.4512499,0.48160797,0.4639514,0.51075894,0.4668174,0.47249725,0.48543742,0.49156305,0.48165715
0.4802753,0.51898843,0.5113254,0.55862075,0.47096318,0.48143366,0.50560164,0.5214634,0.51095366,0.51939553,0.50889933,0.5059453,0.4858
0.47876257,0.4812144,0.5387231,0.5529563,0.55273855,0.5303744,0.572927,0.50070643,0.49548236,0.57459915,0.54239905,0.5059998,0.48908305
0.48707524,0.43362027,0.4770744,0.48007378,0.44876367,0.48883653,0.49484965,0.49034917,0.4880341,0.43093368,0.4794665,0.48918277,0.4768265
0.4861671,0.4707609,0.5335689,0.54436153,0.52191174,0.49207956,0.57456344,0.5066243,0.49418327,0.4652785,0.50470006,0.48997808,0.4683938
0.48248497,0.4056708,0.47166574,0.48517406,0.44747382,0.49811545,0.4991246,0.4583732,0.5140393,0.45361066,0.48218703,0.503225,0.48535094
0.47656763,0.49860668,0.5056328,0.5250203,0.45256045,0.5146376,0.5113904,0.522717,0.51660305,0.5623118,0.53157204,0.51432365,0.47857374
0.4937759,0.52525467,0.5294914,0.52952945,0.5473825,0.49388206,0.5446307,0.5030588,0.46348503,0.48785812,0.5041189,0.48046327,0.4817932
0.50789505,0.4806354,0.52937615,0.5296987,0.51283294,0.523725,0.5345248,0.5070914,0.5240138,0.5489299,0.5335897,0.5145888,0.5204887
0.49540985,0.4355444,0.47475362,0.47725487,0.43413296,0.4891108,0.48329443,0.46698508,0.4860066,0.42356244,0.4641328,0.50196373,0.46715164
0.51370716,0.4831988,0.5446911,0.51405156,0.5788291,0.52058417,0.5821589,0.48923364,0.4899007,0.48725355,0.51734525,0.4974361,0.50735426
0.48659983,0.49299225,0.539742,0.55583113,0.5558383,0.5269553,0.5661273,0.5015177,0.49236885,0.5682472,0.5358313,0.5029643,0.49327254
0.48308012,0.4312849,0.485972,0.5033182,0.4239165,0.48834595,0.48879376,0.49566624,0.5110438,0.44724143,0.47803488,0.49798584,0.4713512
0.48295325,0.45361182,0.5035584,0.5139516,0.4530872,0.48170832,0.5110685,0.5077167,0.49484202,0.43184876,0.47628254,0.48697037,0.47073743
0.49921304,0.49687493,0.50777644,0.4933997,0.4797688,0.49926558,0.5161584,0.5279708,0.509255,0.496524,0.51470625,0.49644297,0.5111585
0.4770541,0.41825122,0.4754938,0.48067692,0.4494625,0.48890063,0.4949295,0.46514004,0.47456524,0.43085963,0.46505973,0.49164867,0.46003664
0.503117,0.5660077,0.5102293,0.5109391,0.49610147,0.48339456,0.4830533,0.51331836,0.47670788,0.492742,0.4972838,0.48665032,0.49352762
0.4870839,0.4490066,0.49190962,0.4938464,0.465626,0.48306704,0.5027944,0.50573045,0.5019629,0.44587636,0.4810638,0.49036956,0.50938654
0.47276324,0.44747257,0.50518095,0.5429518,0.4698646,0.5058442,0.5559647,0.517326,0.5052739,0.50751275,0.5107787,0.4920248,0.46273226
0.47974455,0.44898337,0.49142462,0.49605444,0.44468924,0.48669195,0.5168595,0.51026714,0.47695875,0.43759757,0.47907528,0.4854979,0.4522783
0.4731565,0.42454916,0.5005546,0.5383661,0.45680234,0.4891308,0.5156698,0.5066891,0.52893126,0.4871395,0.502429,0.4945661,0.49714574
0.48144627,0.4488003,0.49709755,0.51353705,0.43937552,0.48334002,0.47659665,0.50024575,0.5069826,0.4538491,0.4874708,0.5006722,0.48879728
0.4846183,0.48716626,0.5024666,0.49027598,0.46514076,0.52005345,0.52325267,0.501494,0.5132461,0.515656,0.52116746,0.5168494,0.4790087
0.46810514,0.47628593,0.4986868,0.54199886,0.4635584,0.4861105,0.50969297,0.4910427,0.5276247,0.51787,0.5117534,0.50662875,0.49198088
0.48005843,0.4405219,0.49538478,0.50289583,0.43639126,0.47978088,0.48508567,0.50275093,0.48236063,0.43723547,0.47229365,0.4965156,0.4645606
0.4740528,0.46562093,0.513373,0.55467427,0.49315172,0.4736354,0.5151158,0.505018,0.5184538,0.48909855,0.5027953,0.50471604,0.4971288
0.4754864,0.43142998,0.47851536,0.4974162,0.44188696,0.48558688,0.48862618,0.46990305,0.4942093,0.43637723,0.4719681,0.4978552,0.48413315
0.5015418,0.50573343,0.5385627,0.53124505,0.5136022,0.4984149,0.54554534,0.5450993,0.49568558,0.519674,0.5283343,0.48540714,0.5023919
0.4776273,0.42744756,0.47803518,0.5056837,0.42972896,0.48008907,0.48566303,0.47744206,0.50579864,0.44076023,0.47485414,0.5092914,0.47491002
0.4732065,0.46799833,0.5081682,0.5466428,0.49285117,0.4897509,0.52819693,0.48052147,0.5296852,0.5152149,0.5182011,0.5059467,0.50046366
0.47699514,0.47087705,0.49001825,0.49119386,0.42958948,0.49270487,0.4766485,0.51543254,0.48681906,0.46447444,0.4937011,0.4944972,0.4711213
0.5117859,0.5367918,0.50051737,0.4976593,0.4828685,0.46968853,0.46747452,0.50203276,0.4618065,0.4494749,0.47354335,0.48177204,0.49364442
0.47360492,0.46966544,0.51548034,0.5225322,0.49105528,0.4963016,0.53330237,0.5396987,0.51271313,0.50413555,0.5172502,0.49040532,0.51028913
0.48832977,0.5255842,0.5077797,0.5080352,0.49372116,0.5019227,0.53906983,0.5259088,0.47326615,0.5006592,0.5161819,0.48859403,0.46743834
0.51294184,0.4780485,0.53571564,0.52432436,0.52914333,0.5261919,0.55491734,0.502891,0.5289202,0.5338186,0.5333974,0.51149493,0.51765037
0.4908158,0.4969211,0.5197111,0.50584626,0.5061885,0.505937,0.53480047,0.53525907,0.50395846,0.50224054,0.51532817,0.49459007,0.5130398
0.49455348,0.4614111,0.46807706,0.47738832,0.4415668,0.4835991,0.4723822,0.48803192,0.4834876,0.4250714,0.46294525,0.4910833,0.48286605
0.45925874,0.42385596,0.48396066,0.51467913,0.43417397,0.48996395,0.50839746,0.49718824,0.5119049,0.4774601,0.49823835,0.5021183,0.46218133
0.4897893,0.47441792,0.48435012,0.4874775,0.45592117,0.48305622,0.500472,0.49471706,0.48081526,0.43718728,0.48099077,0.49220592,0.46983802
0.48197708,0.43652686,0.49338463,0.5106303,0.46952713,0.4918197,0.50228393,0.47963104,0.5203389,0.47810566,0.50683975,0.49582437,0.5017595
0.50130254,0.50298214,0.46296084,0.47391674,0.4310088,0.48348036,0.46577018,0.4790072,0.47237292,0.42856482,0.45825547,0.50016314,0.47213668
0.45785022,0.474097,0.49157417,0.5304329,0.44879335,0.4913763,0.48990393,0.51869917,0.49835905,0.5157674,0.50554216,0.49921253,0.47213966
0.5048257,0.4940847,0.52980894,0.5083667,0.52161074,0.51872593,0.5409418,0.50419366,0.5286308,0.52673244,0.531727,0.5182057,0.5254762
0.48912323,0.44225687,0.4750111,0.48603854,0.43930337,0.48770726,0.5047356,0.48523757,0.47736531,0.4251717,0.46555918,0.4959008,0.45371303
0.49452665,0.45569986,0.48807797,0.49571577,0.4573299,0.49265188,0.5196897,0.49678996,0.49745357,0.44881913,0.49303427,0.491755,0.46608344
0.47891504,0.4266265,0.48775178,0.49286607,0.4390468,0.4856873,0.48460004,0.48373237,0.49656865,0.43917373,0.48094296,0.49188307,0.48614305
0.48543897,0.5017231,0.47383004,0.48644665,0.4322318,0.48531538,0.47175467,0.4930556,0.48408103,0.45227653,0.47944644,0.49735808,0.48014355
0.47503567,0.45333877,0.5233997,0.5296005,0.50002426,0.48562068,0.5570958,0.5007011,0.4930857,0.45347178,0.4992352,0.485483,0.4773396
0.47038534,0.48824355,0.518852,0.53140336,0.51834464,0.5132593,0.56202656,0.51294917,0.47206602,0.5219878,0.521495,0.49497813,0.4666432
0.50173557,0.45322466,0.481225,0.48874313,0.4376653,0.4880447,0.46379158,0.48614717,0.47731632,0.42266604,0.4581604,0.50144225,0.47299346
0.4637662,0.44584593,0.5104449,0.5225017,0.4567489,0.5082628,0.5289365,0.5343178,0.50726455,0.5118004,0.5185017,0.4929861,0.48356587
0.466142,0.47347683,0.490781,0.5148249,0.43916756,0.4970992,0.48614627,0.4963292,0.51520234,0.49616638,0.50288075,0.51257116,0.4912639
0.49344906,0.51923555,0.50874656,0.49925637,0.47621128,0.50514436,0.50222415,0.5408917,0.5094872,0.5230788,0.5249595,0.49565956,0.5035068
0.4671188,0.4497539,0.4814797,0.5011785,0.4252487,0.48957476,0.500035,0.49385843,0.5087983,0.4601,0.4925576,0.5065918,0.47077554
0.5001775,0.48288247,0.5178543,0.54792756,0.4944004,0.50814,0.54616815,0.5216796,0.5185112,0.5243476,0.521933,0.49315414,0.48778567
0.47028774,0.4210431,0.48271716,0.50575227,0.44174907,0.48514277,0.49388096,0.47522572,0.5018587,0.43216756,0.47500518,0.50163835,0.4825044
0.47896552,0.4906855,0.5039739,0.50776464,0.48299167,0.5307319,0.51176715,0.5234293,0.50654024,0.58041304,0.54548264,0.5112311,0.49351552
0.4763812,0.4567464,0.504138,0.50824887,0.44717193,0.49824303,0.5152651,0.50876504,0.511686,0.4883634,0.5075923,0.50358117,0.4743185
0.47543564,0.49690747,0.5266038,0.5699352,0.5160858,0.4886546,0.54003,0.51449126,0.49724457,0.5222334,0.5176041,0.49052283,0.48387715
0.47717097,0.446955,0.47646078,0.4896061,0.4329505,0.48599347,0.48800483,0.50056523,0.50551647,0.4405377,0.47954547,0.489416,0.485952
0.49530596,0.4963382,0.4896535,0.5169461,0.45252237,0.50717777,0.5159651,0.5182189,0.50835395,0.5177844,0.51559335,0.5058185,0.47371042
0.49100748,0.43553454,0.47649843,0.48140654,0.44169453,0.48350814,0.4962141,0.49144673,0.4875454,0.4297409,0.4731833,0.4912566,0.47260007
0.50126296,0.49259612,0.53563356,0.50051486,0.55118954,0.5253862,0.5616636,0.50893736,0.49857795,0.51481956,0.5296658,0.50247365,0.5184484
0.486608,0.49464878,0.47340843,0.5064869,0.4422109,0.4873179,0.49453527,0.4958725,0.48441213,0.4681592,0.48654717,0.4993855,0.4611485
0.484557,0.4152189,0.4699278,0.47327378,0.43965623,0.49464533,0.4938437,0.465801,0.49410686,0.435786,0.4750948,0.49925646,0.47036844
0.4864722,0.47997642,0.52002954,0.5084751,0.5045598,0.51176757,0.5446371,0.5321139,0.5027365,0.5154176,0.5206542,0.5006198,0.5080126
0.49015296,0.44296566,0.5084296,0.5240847,0.46747515,0.4906931,0.5191692,0.51295054,0.5166508,0.46028027,0.50059706,0.49142796,0.50117785
0.4880202,0.48434925,0.5235332,0.5440229,0.51757586,0.49454045,0.56004345,0.50700057,0.5172112,0.48844886,0.5102742,0.49164972,0.48618704
0.49422905,0.49897522,0.54624707,0.5392986,0.5650338,0.53212744,0.5754042,0.4952651,0.483936,0.5538005,0.5336136,0.50901246,0.49223045
0.47451165,0.5003899,0.5325812,0.5393358,0.5261707,0.5310173,0.5532345,0.5115715,0.49441153,0.57939786,0.5420572,0.5105025,0.4850369
0.4994528,0.47541407,0.50425386,0.50348866,0.47870386,0.47140935,0.49833676,0.513432,0.48127425,0.43767804,0.4718732,0.4837385,0.49411127
0.49549446,0.47405377,0.46072352,0.47182527,0.42625666,0.4886871,0.46881723,0.4756679,0.47851214,0.4279809,0.46001014,0.5009552,0.47072968
0.46524796,0.48492712,0.51561123,0.5295327,0.48032963,0.5193525,0.5215416,0.5162227,0.5166084,0.576546,0.5411968,0.51523477,0.4894304
0.47921705,0.4374531,0.48833454,0.5184314,0.43157038,0.49169704,0.4848096,0.49044043,0.5185562,0.4588006,0.4840964,0.50858015,0.482129
0.49637598,0.42485297,0.4833283,0.47685283,0.465484,0.5004508,0.48599753,0.4613429,0.511247,0.4574703,0.48771614,0.5025745,0.4986586
0.49504182,0.46894887,0.50637937,0.5124516,0.4851267,0.48922226,0.5186928,0.5097682,0.51545066,0.4680671,0.4957115,0.49241066,0.5158317
0.4878027,0.5087071,0.4728223,0.49316108,0.42922124,0.49403793,0.48340613,0.51206076,0.48545203,0.47790626,0.48999426,0.5033835,0.4652683
0.4746312,0.52099884,0.51158035,0.5252516,0.4577752,0.50079846,0.4913299,0.53744555,0.4932371,0.5377018,0.522456,0.49227276,0.48698333
0.50097823,0.47736126,0.4864584,0.4936924,0.44367746,0.4790367,0.45399767,0.4865998,0.50881565,0.4428517,0.4761763,0.50369847,0.5096138
0.48014888,0.4393094,0.48179165,0.4971744,0.43278167,0.4962596,0.5100746,0.50809133,0.49805313,0.45285773,0.49120483,0.4923572,0.45906806
0.46157175,0.46356234,0.48808372,0.5191951,0.4418324,0.49527758,0.47972548,0.530361,0.50150687,0.5077573,0.5113952,0.49183437,0.47644314
0.4910999,0.48715535,0.51331055,0.5248458,0.5171436,0.4895223,0.5317071,0.50709033,0.48137844,0.45668274,0.4919363,0.48072952,0.47600687
0.4837634,0.42797396,0.46812263,0.47867697,0.423898,0.48867768,0.49021414,0.48716363,0.48987964,0.4367078,0.4707476,0.49149778,0.46090084
0.46111453,0.4379111,0.5076585,0.5328636,0.45393744,0.4935011,0.5397163,0.51240253,0.5094803,0.46875268,0.501238,0.49776366,0.4603862
0.49915636,0.45547286,0.45965314,0.46877235,0.4377939,0.49390084,0.47860274,0.46554607,0.48180568,0.4288563,0.46239164,0.50086975,0.46427703
0.47616458,0.49883184,0.5029087,0.5186691,0.4636387,0.48972604,0.5297192,0.5221763,0.46560898,0.46974295,0.49284706,0.4877417,0.4519738
0.5185466,0.50188804,0.48628828,0.4850884,0.4507695,0.4774009,0.46244958,0.49321622,0.47149086,0.4145069,0.46029228,0.49267754,0.48790485
0.457123,0.4512766,0.50203806,0.5252086,0.4774783,0.4990299,0.5453728,0.49261928,0.50666726,0.49187356,0.50791407,0.5055897,0.4779655
0.48802915,0.43510684,0.50255615,0.53152925,0.4783379,0.4959724,0.51936865,0.4909133,0.54094064,0.492315,0.5151523,0.4977638,0.50099736
0.4872183,0.47718963,0.5047817,0.51276654,0.4968218,0.48287088,0.52707964,0.51066494,0.49952707,0.46293566,0.48626688,0.4880494,0.5105217
0.49506947,0.46569625,0.47097233,0.4821203,0.43704402,0.4872214,0.48833618,0.4788812,0.48196825,0.43293387,0.47085494,0.5039837,0.465492
0.4956325,0.49593636,0.5296389,0.50678456,0.51129603,0.50849646,0.55579257,0.53076154,0.48579282,0.49474937,0.52168006,0.48318678,0.48632735
0.49325663,0.43275818,0.4766883,0.4885455,0.44977367,0.49389932,0.50634897,0.46690637,0.50800395,0.43301687,0.47887573,0.5036097,0.4771119
0.49674743,0.46834052,0.5287721,0.53271556,0.4932219,0.5094404,0.5491519,0.5290073,0.53402907,0.5185526,0.52936506,0.49634373,0.51053286
0.5085852,0.47662148,0.49850905,0.51437366,0.4331473,0.48375306,0.47936282,0.49341807,0.5189504,0.4425863,0.48197117,0.5052629,0.49136072
0.50967467,0.5344902,0.48134673,0.48780444,0.44920403,0.4767107,0.4766725,0.5002111,0.46754393,0.43938574,0.4693569,0.4944384,0.47299275
0.47886562,0.45617345,0.5049869,0.50442517,0.4571743,0.5004228,0.5062841,0.509179,0.50922024,0.4897892,0.5012602,0.50638294,0.48929518
0.48515517,0.4292728,0.47539485,0.49296734,0.45268965,0.48421833,0.51190263,0.48024234,0.48789462,0.42051366,0.469796,0.49402925,0.46245044
0.46907282,0.508009,0.49303812,0.49442708,0.4676297,0.50584126,0.49847782,0.516162,0.49471432,0.5241861,0.5153706,0.50227934,0.49265727
0.4783408,0.48954257,0.51138633,0.50740737,0.4910096,0.506478,0.52958214,0.53439957,0.50881976,0.5241009,0.5319802,0.49552783,0.50821704
0.47509816,0.5002656,0.52723914,0.523258,0.5414402,0.5281034,0.55934125,0.5179561,0.48235962,0.559056,0.53876054,0.49801385,0.50165904
0.48358786,0.42859402,0.495925,0.5037147,0.4601049,0.4993465,0.51153576,0.5055306,0.51195276,0.4668166,0.5050368,0.48606944,0.48338535
0.47513387,0.4044171,0.47495264,0.48915172,0.46111175,0.49648538,0.51181245,0.45600846,0.5058989,0.4508638,0.48385167,0.4993495,0.4786251
0.49168766,0.5206508,0.5236006,0.5230622,0.5332799,0.5078673,0.5521564,0.5087614,0.49092877,0.5302997,0.53023994,0.49011722,0.49583912
0.4782729,0.4636825,0.5357328,0.5610952,0.5386567,0.4955932,0.5862287,0.49925953,0.5123025,0.49894547,0.51277363,0.49596336,0.49051508
0.49185756,0.48294312,0.52806216,0.5188646,0.5271199,0.5229536,0.5579147,0.532667,0.5140166,0.5441926,0.53986347,0.49558738,0.51722306
0.49205327,0.4977242,0.5177303,0.51579726,0.48449588,0.4878566,0.5089318,0.5216426,0.47289082,0.4801821,0.49391988,0.490344,0.4801659
0.51010394,0.47685966,0.51875335,0.52821827,0.49229822,0.5165376,0.53507495,0.50584835,0.54472226,0.5210944,0.52744186,0.5004069,0.49896938
0.46509963,0.46310902,0.49360245,0.51330554,0.43565875,0.4990242,0.5063119,0.5336081,0.50154734,0.50070316,0.50339836,0.48484126,0.47591025
0.48370537,0.46705252,0.493349,0.52438956,0.4696706,0.48631537,0.52843624,0.5087003,0.48396227,0.44421965,0.48653507,0.48228118,0.4638568
0.49029663,0.5123218,0.4935349,0.5074493,0.4387781,0.48432672,0.45100594,0.5203335,0.50576127,0.48108026,0.49616316,0.49794477,0.5043197
0.48304772,0.47784173,0.49714655,0.5142909,0.45495728,0.48653567,0.4827002,0.5098684,0.5070295,0.4672345,0.4971138,0.48895392,0.49832338
0.5104343,0.46294436,0.49750024,0.48925042,0.46891764,0.48883772,0.46782863,0.4804443,0.4993777,0.44543982,0.47594473,0.5002099,0.5003233
0.50824976,0.48772195,0.548604,0.5451158,0.560223,0.5212349,0.58340216,0.49724174,0.5116935,0.530815,0.5339908,0.50152814,0.5096051
0.4808088,0.4507356,0.47561502,0.5120814,0.4507508,0.4909796,0.51991683,0.47711408,0.5085137,0.4548614,0.48291934,0.5013355,0.46783483
0.47019705,0.50758505,0.5030243,0.5113759,0.46423882,0.5016414,0.5048726,0.5291659,0.49930298,0.5327593,0.5279605,0.49049935,0.49907354
0.49285328,0.46255308,0.51444614,0.5186551,0.50495434,0.49607056,0.5521247,0.52252346,0.5026613,0.4769552,0.5053711,0.4772733,0.50112545
0.49232003,0.5026008,0.48358193,0.5066229,0.44073823,0.47750595,0.49451664,0.5005066,0.48738733,0.4408788,0.47436333,0.49238926,0.4702174
0.48610738,0.4940851,0.5021849,0.5002071,0.4648474,0.50476956,0.5050361,0.53463894,0.50129783,0.5015003,0.52118176,0.48634177,0.48630026
0.49464583,0.48491728,0.5066088,0.5035177,0.44391683,0.47876975,0.49685937,0.5169578,0.4971349,0.45131233,0.48957732,0.488984,0.480292
0.48670128,0.522779,0.5123907,0.52472913,0.45600006,0.4760346,0.47888222,0.5193436,0.47233337,0.4648886,0.48543927,0.48349065,0.47849315
0.46786022,0.47300348,0.50618315,0.5085995,0.49362913,0.53546697,0.5293146,0.50190675,0.5062025,0.57321405,0.5420099,0.5169369,0.48852396
0.49557683,0.50671136,0.53330284,0.52440244,0.56663156,0.5252471,0.56393445,0.490548,0.48023108,0.5423017,0.52907956,0.50178397,0.4954064
0.4720114,0.5082998,0.5140051,0.52024287,0.51078564,0.5214797,0.5318877,0.52310467,0.4786067,0.55715317,0.5269393,0.500375,0.48290944
0.47386858,0.42814845,0.4725694,0.5117473,0.44401148,0.48645836,0.4922964,0.4727544,0.50669754,0.46692523,0.4883756,0.50428325,0.4813658
0.49351287,0.46026054,0.45864868,0.4759584,0.4263557,0.49099514,0.47048715,0.47180167,0.48708394,0.42969203,0.4609409,0.5044892,0.4755404
0.48892686,0.49609986,0.48450556,0.5166577,0.45855737,0.48136973,0.48158345,0.4832754,0.51224285,0.47427458,0.4861545,0.49520287,0.505109
0.49782497,0.49189505,0.54195434,0.5223657,0.57279146,0.5218462,0.58197474,0.49696523,0.4756863,0.5127405,0.5219631,0.4979588,0.4875895
0.48976064,0.44783533,0.4771062,0.4772588,0.44589338,0.48802432,0.4920228,0.4728146,0.4817372,0.4253887,0.47081348,0.4951857,0.47066832
0.49394932,0.51299196,0.5316845,0.5124385,0.5439764,0.5258048,0.55053246,0.5097387,0.47642642,0.5389311,0.5259079,0.5100993,0.48918882
0.47456533,0.5074058,0.5142357,0.5035964,0.47386333,0.50428396,0.5134658,0.52910125,0.48735902,0.5089914,0.51840687,0.49892497,0.48639527
0.48205435,0.46033573,0.50890976,0.52587056,0.4796094,0.48108473,0.5163093,0.5111239,0.5012988,0.45939076,0.48919553,0.49432454,0.4889753
0.4766819,0.47752234,0.5310833,0.5415383,0.5422009,0.5250448,0.58540624,0.5170181,0.50894916,0.5529771,0.5423363,0.50463295,0.49134928
0.48388526,0.50728863,0.5000654,0.49914202,0.44460025,0.49552056,0.49767303,0.5341729,0.4770314,0.4967381,0.5090758,0.49492475,0.46614516
0.4829908,0.4606337,0.5271856,0.525265,0.5160984,0.53361636,0.5472812,0.5196608,0.52138036,0.569183,0.5513894,0.5088078,0.51700395
0.47857213,0.46926746,0.5217415,0.5641785,0.484288,0.48243022,0.53076345,0.5098821,0.5213024,0.4920877,0.5046331,0.49864164,0.4850771
0.4803499,0.4388218,0.47143078,0.48960492,0.43343496,0.49368107,0.50093496,0.47672194,0.49067962,0.4397721,0.47487265,0.5072812,0.460495
0.4718618,0.48672566,0.53730583,0.55712825,0.5355418,0.52363205,0.56930757,0.51180786,0.518893,0.57605696,0.5491504,0.5096406,0.48945683
0.48537454,0.52800566,0.49237436,0.516275,0.44447392,0.47182912,0.47509366,0.5124933,0.47440276,0.46245694,0.4777893,0.49109238,0.47649783
0.51064986,0.48212937,0.50000954,0.48951995,0.48742282,0.4794744,0.5015533,0.50399923,0.4940058,0.44122738,0.47752604,0.49131694,0.5180574
0.48694015,0.4660234,0.4976872,0.50280654,0.453389,0.49446204,0.5124186,0.5207372,0.50801873,0.4681798,0.49841952,0.48646504,0.4853486
0.48951995,0.4252225,0.4947138,0.5115964,0.47558936,0.484764,0.52101403,0.47536695,0.49582434,0.43499708,0.4836697,0.4897035,0.4725731
0.4663565,0.46303433,0.52375686,0.57051384,0.51062405,0.50769687,0.5568251,0.5127132,0.523605,0.5491223,0.5321741,0.49734148,0.4819793
0.51068527,0.4826122,0.48745105,0.47961044,0.43889368,0.4838556,0.48167282,0.49644986,0.48612824,0.4209755,0.46997976,0.5005255,0.4671308
0.46225634,0.46595132,0.50064164,0.5323792,0.47100523,0.52263796,0.5131768,0.51886076,0.52816457,0.57892793,0.5438728,0.5074709,0.50255626
0.48294535,0.46515077,0.4755913,0.51582795,0.44676295,0.4871586,0.5129089,0.48612505,0.50180703,0.4512763,0.48220578,0.4980469,0.46739587
0.48912248,0.45713905,0.48844382,0.5086077,0.45164678,0.48726302,0.50500935,0.50072074,0.5240893,0.46348846,0.49242625,0.49740484,0.49492034
0.47846538,0.40804735,0.48572162,0.4995156,0.47203413,0.4966047,0.5191618,0.46775463,0.50652754,0.45071116,0.48978943,0.49888775,0.47709683
0.4861723,0.47417063,0.5010619,0.5209903,0.46714696,0.47429803,0.5065522,0.5090485,0.48598036,0.45705095,0.4781113,0.49070346,0.47721455
0.50576365,0.506949,0.52521265,0.50048864,0.5029239,0.5218724,0.53094965,0.49316582,0.519944,0.51678556,0.5235802,0.52367264,0.50422084
0.47968242,0.42337537,0.4814968,0.4887333,0.441846,0.4826115,0.50049716,0.47939485,0.4816759,0.42766967,0.4692639,0.4965435,0.45979962
0.48218796,0.47407964,0.50389373,0.4965119,0.47964272,0.52937394,0.5244562,0.48933008,0.52222407,0.5423656,0.5280825,0.5255595,0.49226707
0.4826114,0.46278265,0.50812656,0.5140946,0.44512808,0.507202,0.512642,0.5405185,0.5092604,0.50239146,0.5154524,0.48791698,0.47939473
0.45558146,0.4493917,0.4994748,0.5343618,0.43272412,0.49144107,0.4897869,0.5218697,0.50594854,0.51405144,0.5093995,0.5028638,0.47886482
0.47490335,0.47997004,0.48392972,0.495727,0.43544814,0.49974117,0.51082224,0.51329845,0.4930873,0.48160902,0.5031838,0.5014616,0.45965597
0.49620003,0.4726535,0.48850036,0.47348157,0.45207536,0.49216762,0.50184274,0.49971825,0.49965498,0.44476572,0.48784116,0.50781,0.48291403
0.48214084,0.48229456,0.51438475,0.51750714,0.46047378,0.50453824,0.51410383,0.50774634,0.5234229,0.49742278,0.5154899,0.5094922,0.48707503
0.50182396,0.47680038,0.5178507,0.54713,0.48367408,0.48820132,0.52806526,0.5018718,0.53040016,0.47375318,0.49775904,0.5031008,0.49560332
0.48962545,0.4216438,0.470224,0.47517407,0.44498944,0.4977758,0.49242783,0.46151182,0.5002677,0.44322917,0.47381523,0.4975135,0.4798859
0.48623043,0.44572297,0.48319063,0.496218,0.43591776,0.4788211,0.49919513,0.48537514,0.486745,0.4310158,0.47060487,0.49795976,0.4562078
0.48399174,0.4795702,0.52198434,0.50995266,0.54155016,0.52761865,0.5445737,0.51371545,0.49806583,0.5519846,0.53623444,0.5025027,0.5254951
0.48093325,0.5292095,0.5018401,0.5257559,0.47145525,0.49120456,0.5000532,0.5187291,0.49183792,0.5225136,0.5058425,0.5032259,0.4919708
0.49923372,0.47301617,0.4870551,0.5008191,0.45330298,0.48321873,0.48840734,0.5067798,0.5146059,0.46092924,0.48321748,0.49462757,0.50879836
0.48668432,0.46049458,0.47453722,0.4859103,0.44108114,0.48189807,0.5065147,0.48135588,0.48537275,0.42668438,0.47045556,0.50309443,0.45531186
0.49571887,0.46822095,0.49684054,0.5170609,0.42044833,0.4871453,0.4695896,0.50923264,0.5026463,0.45337868,0.4838953,0.4984075,0.47692835
0.49473134,0.4164028,0.48067454,0.4853828,0.46668255,0.49230295,0.5074507,0.46535793,0.49215892,0.4299415,0.47641298,0.49416897,0.4735459
0.4920029,0.4759176,0.4697384,0.4822061,0.44707817,0.48529676,0.491134,0.47411075,0.4829133,0.43569347,0.4747441,0.494223,0.471609
0.48503682,0.50124025,0.49178973,0.5131315,0.44039515,0.4736508,0.48547092,0.5108698,0.4694163,0.43749112,0.46705174,0.49150956,0.47023258
0.49472708,0.49188584,0.5208879,0.56228,0.48073685,0.4927047,0.5254355,0.50976515,0.52647614,0.5138378,0.51385105,0.49728015,0.4912824
0.48305365,0.49143362,0.5326025,0.55227286,0.49270123,0.48230457,0.5206808,0.5261076,0.5137974,0.48450753,0.5090261,0.49650908,0.49157318
0.47536713,0.4803595,0.48992938,0.53138405,0.45368809,0.48964953,0.4860268,0.4938769,0.51165384,0.51589113,0.50895333,0.49292544,0.49024063
0.465657,0.42769727,0.47796068,0.5110181,0.45427448,0.48965332,0.5004052,0.46751863,0.5163607,0.47779697,0.49763456,0.5034136,0.49034798
0.48395124,0.4338742,0.47399735,0.47630608,0.44251657,0.4899823,0.48837397,0.46763325,0.47796214,0.42249915,0.45962843,0.49252862,0.46964458
0.46641895,0.5010391,0.5032712,0.509124,0.4649781,0.513077,0.50608677,0.5257696,0.5062006,0.55101943,0.5313754,0.50379735,0.48265392
0.49979228,0.5226586,0.51359767,0.5000819,0.45029852,0.4863464,0.47104612,0.5237451,0.49224487,0.46142828,0.4909684,0.49663585,0.48771587
0.4909725,0.42266554,0.48351595,0.48613366,0.45107046,0.48843026,0.4907718,0.4709795,0.5032335,0.44617182,0.47678623,0.49925777,0.4858064
0.46851143,0.4574568,0.5168925,0.5566723,0.4671884,0.50417084,0.5387908,0.5244273,0.5353471,0.52797204,0.53087884,0.50215703,0.4802316
0.49974802,0.53981125,0.50313205,0.50069106,0.4767878,0.49256778,0.51138073,0.52074623,0.4698181,0.48579788,0.5022882,0.48908916,0.47155905
0.49672183,0.42389074,0.47518834,0.46461532,0.45729008,0.50411576,0.49184352,0.4549315,0.5017891,0.44492483,0.48153257,0.5019356,0.4827567
0.46593422,0.4286996,0.49114573,0.51314944,0.45472234,0.4856863,0.5209344,0.48098683,0.4933084,0.4381633,0.47796166,0.493504,0.47097716
0.4926765,0.4606861,0.5049435,0.5369215,0.47190693,0.515479,0.5216203,0.5168569,0.530022,0.5423743,0.5245973,0.5095123,0.49795428
0.4710758,0.49235904,0.49178463,0.5284565,0.45144492,0.5019189,0.52423227,0.52612036,0.5007747,0.523216,0.51820636,0.4996831,0.46234536
0.497014,0.46336898,0.48524293,0.49893433,0.45773262,0.48010674,0.49273083,0.47691554,0.49622762,0.43680638,0.47793454,0.50043327,0.4803578
0.46691358,0.4643473,0.49463975,0.5134983,0.43444842,0.4952893,0.47523203,0.51582575,0.5117647,0.48595354,0.50046986,0.5011693,0.48394316
0.49624187,0.49414217,0.51051646,0.48826262,0.47265112,0.51543695,0.51790345,0.5089548,0.5177614,0.505742,0.51941675,0.51516664,0.4992577
0.46742114,0.4668824,0.4925152,0.54140633,0.44570816,0.48221025,0.5025755,0.48794726,0.50661236,0.48490748,0.4913993,0.49780008,0.48904684
0.49554688,0.45083615,0.50478274,0.52094084,0.48306572,0.4844819,0.50513345,0.49082038,0.5171936,0.44652662,0.48891667,0.49155822,0.49498728
0.46765625,0.48582086,0.48191696,0.53131306,0.45883036,0.4886164,0.5102296,0.48517242,0.50641716,0.4979021,0.49894565,0.5034436,0.48148748
0.4819203,0.52368194,0.49577335,0.49650577,0.45900172,0.47985896,0.48612523,0.5226298,0.48002753,0.48286602,0.5011756,0.4865933,0.49193868
0.48192278,0.4545721,0.51152897,0.52089137,0.48105165,0.5041955,0.55795187,0.4844495,0.52389824,0.4821326,0.5090881,0.5098518,0.48073605
0.49504617,0.504863,0.53584033,0.5376466,0.50877607,0.49758008,0.5506275,0.52112895,0.50762385,0.489839,0.5206437,0.4864872,0.49450573
0.48245025,0.45466888,0.5162709,0.545677,0.47388586,0.5154413,0.5286836,0.5286841,0.5074139,0.5385932,0.5233224,0.4903,0.47576606
0.48808932,0.47609252,0.50578624,0.51023924,0.49063966,0.4858445,0.527371,0.52518946,0.4914692,0.46698806,0.49064475,0.48760337,0.49651733
0.46864194,0.4434917,0.48519355,0.51932395,0.44845483,0.48498508,0.51531464,0.49519548,0.49503204,0.46273077,0.49294662,0.4998057,0.46402633
0.44327033,0.46071926,0.5119737,0.54563516,0.48201972,0.5080268,0.5405367,0.52033913,0.51735604,0.5514001,0.537254,0.49968764,0.48923633
0.47588965,0.4581137,0.5141164,0.5410517,0.46887,0.4980105,0.54957926,0.53169096,0.5036188,0.48556808,0.5077519,0.48799708,0.45882294
0.48518643,0.532942,0.53451496,0.53549004,0.5529703,0.5057839,0.55588126,0.5163798,0.462577,0.5332936,0.52505636,0.48753622,0.48807222
0.49673378,0.5098242,0.5220436,0.51407224,0.50863796,0.4802507,0.4967924,0.5236507,0.46390548,0.4420969,0.4838243,0.48229986,0.48958012
0.4841493,0.47358632,0.48220983,0.5052845,0.4467731,0.46891478,0.4904966,0.49802876,0.47213173,0.41948265,0.46325043,0.4884741,0.47226694
0.4959903,0.51447725,0.52749926,0.5373584,0.4785592,0.4718203,0.49514085,0.5193123,0.47819367,0.45429116,0.47913817,0.4888692,0.4864063
0.47392994,0.45741364,0.51564676,0.5292752,0.4693658,0.50662977,0.52559555,0.52541524,0.4985565,0.5113882,0.5131109,0.49169955,0.46892428
0.47148222,0.4707429,0.493112,0.51831275,0.42885348,0.47874108,0.46876195,0.5114315,0.4938883,0.46562764,0.47907525,0.5062899,0.47345096
0.48112953,0.4636815,0.49708953,0.4963734,0.4312777,0.4967631,0.5013854,0.5265906,0.48657912,0.46709114,0.49141553,0.4893422,0.45418444
0.46585798,0.4621832,0.4995012,0.5091299,0.43472055,0.49201855,0.51610214,0.5282026,0.48734623,0.48630267,0.5056047,0.4931333,0.46083957
0.4944758,0.50922596,0.493985,0.49671507,0.4692241,0.47998193,0.49588394,0.49897543,0.4688067,0.43944612,0.47952008,0.48691383,0.47176084
0.4888225,0.52771,0.5228597,0.510757,0.4953427,0.48740143,0.499846,0.5096601,0.48221543,0.48864725,0.5084081,0.4947487,0.49514627
0.4838269,0.46620113,0.5157264,0.50584644,0.4872423,0.49728063,0.5333242,0.5227087,0.5092348,0.4804662,0.5064864,0.49657252,0.5049089
0.49194786,0.4530249,0.51339996,0.50661194,0.4808743,0.5058035,0.5376164,0.49637818,0.5227861,0.46985853,0.51035833,0.5004526,0.49500406
0.4783008,0.44869494,0.51283,0.5574603,0.474427,0.5088806,0.53951705,0.51638556,0.52727234,0.53697556,0.5244393,0.49277398,0.48700252
0.48358163,0.4793516,0.5199858,0.522837,0.5045061,0.52622724,0.5486649,0.53855276,0.50820893,0.5533906,0.54209846,0.49477547,0.49993685
0.46914428,0.45532766,0.5062816,0.5229811,0.44311938,0.49554515,0.5130455,0.5421066,0.5011187,0.4995879,0.50959104,0.48469275,0.4876713
0.49825352,0.47057074,0.51045644,0.53734094,0.4659318,0.5031535,0.52574253,0.50943995,0.52900153,0.50100374,0.51144683,0.49584398,0.48738372
0.47077736,0.43482268,0.49304825,0.5222067,0.44599414,0.49727646,0.49841636,0.500839,0.52536935,0.4707015,0.50099504,0.5014356,0.48971194
0.46218783,0.44879976,0.51000607,0.54462767,0.47599217,0.5265993,0.5264047,0.5224155,0.5263328,0.58252615,0.5422321,0.5042147,0.49098882
0.49835512,0.4862483,0.537858,0.54020214,0.53324986,0.5230277,0.5750666,0.50287783,0.5197433,0.54250735,0.54007393,0.5041183,0.4991419
0.48844275,0.4904498,0.5249433,0.5075828,0.4902242,0.5198905,0.5387906,0.53514993,0.5091142,0.5404051,0.53933394,0.5062718,0.49555334
0.46649635,0.49697363,0.5031486,0.50136346,0.45714447,0.50663656,0.5021232,0.52154577,0.50139314,0.52620894,0.5232527,0.5059821,0.4919127
0.48502558,0.5074035,0.5087112,0.502952,0.48663878,0.51156455,0.5155001,0.5380549,0.49907264,0.5375067,0.52695066,0.49725252,0.49277785
0.49120736,0.47472358,0.52527434,0.51348305,0.46884465,0.4989839,0.5259502,0.52806216,0.5004091,0.48561135,0.51002336,0.4974918,0.48453248
0.47829205,0.47516733,0.5008679,0.51738715,0.43993875,0.4803024,0.5071189,0.51342547,0.48535523,0.44755477,0.47899726,0.4866715,0.45966357
0.47703466,0.47563028,0.51414245,0.5518895,0.5330656,0.4845423,0.5435668,0.5023723,0.4911263,0.49135086,0.50368816,0.48854914,0.48476118
0.466943,0.47415665,0.51917624,0.5367,0.5066055,0.518425,0.5429077,0.5325498,0.510664,0.5626719,0.53721243,0.5015838,0.50792944
0.491579,0.47388303,0.54774415,0.5335968,0.5708838,0.531375,0.5961536,0.49608526,0.4871369,0.52929074,0.53172773,0.5008275,0.49288264
0.46809977,0.45355353,0.49984348,0.5115937,0.45581433,0.50195676,0.51077354,0.52530205,0.51364213,0.5092185,0.51108325,0.49757597,0.5053849
0.49840358,0.48795575,0.5086947,0.4966661,0.4782112,0.4903134,0.5161464,0.52101356,0.5016676,0.4697843,0.49652645,0.48998585,0.5126818
0.51580995,0.49146563,0.537505,0.5261995,0.53131014,0.52103263,0.5592911,0.48991814,0.52777535,0.51873606,0.52481455,0.5171946,0.5102363
0.47787213,0.47692534,0.51071113,0.52329403,0.45599788,0.47445565,0.50038934,0.53330237,0.47940168,0.4587369,0.48428294,0.48172936,0.4801829
0.47261864,0.4592481,0.5104842,0.5305668,0.44444224,0.49841902,0.5022434,0.52660626,0.5118414,0.5162915,0.5122344,0.5009932,0.48188147
0.48747537,0.4701224,0.5328575,0.5273893,0.5396557,0.5244053,0.5669609,0.51037776,0.5273999,0.54802924,0.54109985,0.5133493,0.5256635
0.486176,0.46065417,0.4925511,0.51792324,0.42486694,0.47941402,0.4706596,0.5109526,0.48819354,0.4446167,0.47138736,0.49296668,0.47373185
0.48015004,0.50230783,0.499394,0.51531214,0.4615964,0.49056393,0.49593088,0.52417386,0.49597964,0.4958362,0.5074582,0.48249137,0.4938149
0.49589184,0.4334139,0.48381093,0.48832467,0.45298606,0.48999423,0.49191082,0.47104526,0.49867338,0.43125924,0.46931297,0.50154763,0.47854748
0.47398108,0.46997783,0.5137682,0.5170361,0.46261066,0.5129884,0.52373093,0.50780183,0.5345204,0.52402353,0.5273439,0.5141158,0.494997
0.49764654,0.5052066,0.512011,0.503388,0.4838426,0.51847786,0.52669793,0.5241602,0.5171459,0.5320847,0.53442574,0.50377357,0.5014503
0.48725075,0.51161224,0.5282859,0.55803525,0.53667027,0.499046,0.5443191,0.51995707,0.49789372,0.5190866,0.5161767,0.48628017,0.48812744
0.49234203,0.4822407,0.5322154,0.51863515,0.52994925,0.5221631,0.56272334,0.5249545,0.51151896,0.535252,0.54004675,0.49835643,0.518665
0.4856561,0.46896735,0.52191997,0.5137174,0.50371563,0.5234392,0.5498197,0.53529906,0.5143915,0.5384852,0.5421,0.4930297,0.5043713
0.48525962,0.4794301,0.5035686,0.515914,0.48250133,0.49384186,0.52217114,0.5266913,0.5139343,0.5090468,0.5142383,0.49186704,0.5130086
0.47465712,0.48538437,0.5388561,0.5682198,0.5330971,0.5023736,0.57236606,0.5218459,0.49980092,0.52886397,0.5286684,0.48891973,0.47861692
0.4966361,0.5037027,0.5249096,0.50759387,0.5376375,0.52477777,0.5345456,0.52246183,0.49474013,0.54965967,0.5373236,0.5042455,0.52557653
0.4850901,0.46355498,0.4980779,0.48936716,0.45624048,0.48648953,0.49944484,0.5012736,0.5084841,0.4525557,0.4940252,0.49776104,0.49341
0.49248034,0.457934,0.49364284,0.49260753,0.44647312,0.48612368,0.4941413,0.501705,0.48729897,0.4164254,0.46889916,0.48953292,0.47980896
0.48034763,0.452057,0.5222572,0.52842414,0.4903653,0.51842165,0.55907947,0.49538204,0.5382854,0.52322364,0.530467,0.51016414,0.49654353
0.48654628,0.42278627,0.48207033,0.50229555,0.42428723,0.4901923,0.47827202,0.48958775,0.49879745,0.44690913,0.47421607,0.49696106,0.47906008
0.5124395,0.48203275,0.5326754,0.53223586,0.5342152,0.52093124,0.5474815,0.49772555,0.5185657,0.537299,0.5271054,0.51371163,0.5193998
0.48163143,0.4510316,0.4931434,0.49440938,0.4544329,0.49801248,0.5085577,0.4982516,0.51315236,0.457777,0.49706787,0.48943582,0.48847702
0.47216555,0.46618,0.5017737,0.5072667,0.45055893,0.51887095,0.51051164,0.53590745,0.51923615,0.53201616,0.5300508,0.5006844,0.48319665
0.49790493,0.5301729,0.5158929,0.5018948,0.5130628,0.490742,0.5185598,0.5255621,0.4952803,0.48643148,0.50716037,0.49769092,0.51239115
0.45719475,0.46406782,0.52808577,0.52558357,0.51656485,0.5141876,0.554351,0.51570106,0.49939826,0.53752244,0.53702563,0.49603716,0.5005989
0.4964181,0.5003591,0.49177605,0.4913487,0.4591401,0.48141363,0.48698348,0.5148494,0.4835916,0.4438468,0.47700003,0.48339632,0.49507895
0.49021626,0.46668696,0.5381334,0.5300293,0.54420567,0.53098947,0.57128316,0.51001203,0.51891613,0.55178666,0.54238176,0.5119156,0.52189094
0.49290472,0.47671294,0.5156918,0.52234846,0.49794367,0.49225265,0.5252408,0.52988106,0.5219957,0.4975738,0.5161933,0.49180833,0.5217763
0.4963824,0.43814743,0.49277404,0.4938166,0.458902,0.48979905,0.4736644,0.48293155,0.4998089,0.43891022,0.47681892,0.500982,0.49103028
0.47560257,0.453412,0.5038277,0.5388218,0.46824023,0.5047908,0.5190677,0.5205328,0.5305607,0.51180404,0.5237796,0.48880404,0.49967447
0.46118832,0.46099827,0.5084382,0.5296227,0.4800002,0.5161049,0.5395573,0.5380933,0.5075556,0.54747206,0.5377713,0.48582464,0.48146647
0.49285376,0.53661793,0.5032519,0.50373864,0.49446425,0.48110583,0.49197882,0.5166207,0.4819324,0.4939038,0.5016658,0.49882683,0.50747746
0.47956252,0.4926675,0.5087331,0.5466324,0.4674366,0.47624388,0.4772737,0.50164175,0.51206493,0.491607,0.49295813,0.50754225,0.5001968
0.4762161,0.47850475,0.52183616,0.5077371,0.49837902,0.516838,0.5297335,0.5353648,0.5068301,0.5435395,0.53393084,0.503769,0.5188993
0.4789524,0.46461993,0.5282874,0.5242427,0.5249672,0.5247373,0.5607532,0.52709323,0.51726556,0.5502261,0.54691243,0.49847904,0.5231868
0.49577984,0.4485667,0.5060612,0.504567,0.44999704,0.4861298,0.46797752,0.49272895,0.50024176,0.4447572,0.47751555,0.5037601,0.49770236
0.50027347,0.472006,0.5369638,0.5455216,0.5445851,0.521299,0.58716774,0.5118706,0.51273316,0.52945673,0.53603387,0.50188303,0.494972
0.478348,0.45267108,0.52791286,0.54221034,0.51858366,0.52009726,0.5686954,0.5203128,0.5325748,0.54389775,0.5401295,0.5049206,0.5143889
0.49722767,0.47458005,0.5440764,0.5367737,0.5533404,0.5179437,0.5923994,0.51415086,0.51366365,0.5217587,0.53676945,0.5024643,0.50612915
0.4646545,0.4678717,0.5096589,0.5325721,0.48039827,0.50916857,0.52610594,0.4971196,0.5317369,0.5420977,0.53156453,0.5154537,0.50044453
0.5043943,0.47545564,0.53147316,0.51562077,0.5142253,0.5012445,0.5564355,0.5259773,0.50787556,0.47700262,0.5112525,0.4933271,0.50564516
0.4922918,0.4840977,0.4894867,0.50979054,0.47491574,0.48132184,0.49295756,0.50380045,0.5138701,0.4590909,0.48434392,0.49609822,0.5131109
0.4815343,0.4231419,0.4748413,0.49031287,0.44079235,0.4912204,0.49245387,0.47476804,0.5054781,0.44486278,0.47371757,0.49546444,0.48383278
0.49276257,0.5046798,0.5365011,0.5523374,0.5264491,0.5045127,0.54542565,0.50284064,0.5104222,0.54553926,0.53473,0.5053374,0.5193475
0.5018268,0.48751357,0.5379721,0.50469357,0.5398465,0.5286956,0.5680499,0.51136076,0.4979998,0.51288825,0.5324719,0.49955136,0.501271
0.4959224,0.49550337,0.5246594,0.5385877,0.49616593,0.52581316,0.53971213,0.511169,0.54250103,0.57578635,0.5479606,0.515997,0.49993074
0.47552595,0.45774388,0.52500504,0.5602003,0.5020366,0.5267179,0.54660803,0.5145662,0.52763015,0.5819572,0.5450875,0.5045348,0.49191165
0.50080436,0.504561,0.5150152,0.50172323,0.50426036,0.50273144,0.521586,0.52342653,0.51224726,0.5082906,0.51973665,0.50314265,0.52453333
0.49587736,0.49328893,0.5004411,0.5061374,0.44697797,0.4754131,0.49653438,0.5287411,0.4948438,0.45297182,0.48899856,0.4804002,0.4948998
0.48938993,0.4916098,0.5369898,0.5456337,0.54441077,0.5247685,0.58319986,0.5034243,0.51593393,0.55256295,0.54351425,0.50502086,0.49014452
0.46525946,0.4656992,0.50039726,0.55004877,0.4637474,0.47888508,0.48208997,0.49563336,0.51327306,0.50529826,0.49828425,0.49962687,0.501676
0.45525473,0.49432072,0.5134961,0.54198444,0.48392645,0.50009996,0.5050204,0.53237987,0.50016123,0.5367192,0.52334803,0.49592805,0.4894575
0.48339018,0.47770673,0.5233797,0.55855423,0.4945011,0.4820294,0.5386085,0.5132719,0.5008908,0.4634305,0.49200806,0.48550236,0.47354499
0.45797172,0.47388417,0.48706812,0.53326255,0.43750113,0.49135813,0.4908369,0.510291,0.50982213,0.53124017,0.51125926,0.50477546,0.4760585
0.4852027,0.43760195,0.48762867,0.4884937,0.44133955,0.50188535,0.49747884,0.49013987,0.5311072,0.46361086,0.49501586,0.50122654,0.4947145
0.48749965,0.50218296,0.4898755,0.49320766,0.44448647,0.48815724,0.4766836,0.5065045,0.49378973,0.45888394,0.48769453,0.49346748,0.4911967
0.49850455,0.48104754,0.5310082,0.5135382,0.54518914,0.52664393,0.5571693,0.503515,0.50440896,0.5374814,0.52942103,0.5149317,0.52499795
0.48971266,0.49357194,0.5148828,0.5041947,0.48429963,0.5084188,0.5137147,0.5274794,0.51910084,0.52525014,0.52634996,0.51244867,0.52170604
0.49749655,0.48587194,0.52511,0.49938127,0.49410945,0.50725025,0.5298139,0.53632903,0.5045523,0.500103,0.5177358,0.49928892,0.511973
0.4686022,0.5106681,0.5179993,0.5268201,0.4905539,0.512766,0.5320011,0.5186564,0.5021914,0.55037665,0.5376067,0.49694183,0.48816353
0.50843537,0.5024908,0.52164525,0.5265134,0.51601094,0.49648374,0.55196595,0.51225203,0.50128627,0.48474526,0.5064763,0.49008572,0.4996238
0.4983976,0.46466804,0.5223219,0.52688605,0.48982146,0.5170355,0.54780287,0.5236864,0.54188865,0.5217912,0.5339468,0.49918658,0.50226235
0.49238127,0.5328609,0.51255226,0.4948795,0.5225898,0.504382,0.5212637,0.52035147,0.47125354,0.5178018,0.517924,0.48480597,0.49960417
0.4828394,0.49493012,0.5240265,0.53596914,0.513578,0.48261315,0.5364356,0.5253669,0.49613577,0.4621032,0.495896,0.48207033,0.50072753
0.48225155,0.4885566,0.5430243,0.5517768,0.5206381,0.5092589,0.57553077,0.5203032,0.50862074,0.5174373,0.5271726,0.50524867,0.48151326
0.49946123,0.47865725,0.50343096,0.50007844,0.4755143,0.48343647,0.505606,0.51967925,0.50007683,0.45616987,0.48643133,0.4930579,0.5150439
0.4845878,0.503236,0.5360369,0.55043447,0.55371565,0.49442127,0.5630524,0.5195264,0.48012766,0.49773487,0.50936764,0.48538217,0.48020408
0.5019107,0.5145771,0.5237398,0.4886897,0.5214682,0.49926603,0.5301782,0.52269715,0.4812233,0.47936666,0.5052468,0.49314216,0.513642
0.46813735,0.4208368,0.49691796,0.51243764,0.44332674,0.49394313,0.49529853,0.5023436,0.5268714,0.4794857,0.50443757,0.50170046,0.5009652
0.49151978,0.500568,0.51783323,0.49721137,0.5005604,0.50252676,0.5255324,0.5285288,0.5035897,0.50418264,0.5157555,0.50347817,0.51936376
0.4966973,0.5080965,0.5167611,0.50791186,0.5166991,0.4971459,0.5340413,0.5292648,0.49308413,0.49629793,0.50879085,0.4954651,0.51648486
0.47857633,0.4655379,0.47949973,0.4891857,0.43628114,0.49448714,0.47872883,0.51282585,0.5001423,0.45896432,0.48888403,0.489739,0.48884428
0.48165485,0.491224,0.5369285,0.55484825,0.56337893,0.51131827,0.5808825,0.5067347,0.48426372,0.530017,0.5226267,0.49045476,0.48156813
0.48131055,0.46810132,0.49692896,0.5017965,0.4658687,0.4885341,0.5135009,0.5105948,0.49443823,0.4466295,0.4889352,0.4891919,0.4768146
0.48546395,0.47710732,0.51882696,0.51150036,0.5022569,0.5034316,0.5359771,0.52053845,0.5248011,0.5062954,0.52265435,0.5012358,0.525139
0.49314305,0.50579053,0.52460605,0.53844225,0.5035176,0.52197486,0.5167055,0.50821334,0.4996235,0.5766217,0.53171194,0.51753664,0.49874255
0.47055846,0.4680518,0.50255,0.5385039,0.4427677,0.5094752,0.5067238,0.5289689,0.51908666,0.5522198,0.52561396,0.5054434,0.48680595
0.4709595,0.49502194,0.5311519,0.54909366,0.5222392,0.5113994,0.5456993,0.525963,0.4897386,0.5512608,0.5373972,0.48104563,0.4897072
0.49755672,0.47740638,0.5040255,0.52260596,0.47801015,0.5025423,0.5158626,0.52952135,0.52951,0.52563256,0.5223401,0.49996156,0.50749284
0.47569528,0.43837902,0.5046692,0.5377876,0.44622573,0.509004,0.5164513,0.5215471,0.5193276,0.5164493,0.52059686,0.48921496,0.47864494
0.4915221,0.47039735,0.5221843,0.5230532,0.50011444,0.5057206,0.54820263,0.5276009,0.5340272,0.50135726,0.5249253,0.49576208,0.51174587
0.47426137,0.497366,0.5222956,0.5355701,0.5210217,0.51124775,0.56172395,0.5289256,0.48765737,0.52801883,0.52726173,0.48346516,0.4763716
0.4849656,0.49248827,0.5300266,0.5548105,0.5196386,0.4995116,0.5653276,0.5231957,0.5043802,0.5098492,0.51607436,0.49101943,0.4754809
0.5035442,0.52912873,0.49872127,0.51909745,0.47378632,0.4743907,0.4951715,0.523843,0.48428658,0.47368428,0.48627886,0.49268094,0.49047598
0.47299898,0.43354893,0.50395346,0.52268714,0.45263183,0.488837,0.52447057,0.5181157,0.49379486,0.45388013,0.48936817,0.48368028,0.4612521
0.46597773,0.46884075,0.5006165,0.5331286,0.45300192,0.49075386,0.524311,0.5271355,0.49527088,0.47565374,0.49599564,0.4886845,0.4640108
0.5116228,0.49429062,0.5191702,0.4977445,0.49432695,0.48105377,0.51869553,0.5184979,0.4836476,0.44101536,0.48162222,0.48975378,0.50521815
0.46569958,0.47065285,0.5225415,0.5581225,0.4940963,0.50213677,0.5509032,0.51988786,0.5268226,0.5175519,0.52448875,0.49536633,0.48943096
0.48887792,0.48714715,0.505938,0.49930486,0.4933885,0.48782897,0.5185574,0.5214136,0.49389797,0.46964878,0.49312365,0.49616283,0.511893
0.5065269,0.46920177,0.54612345,0.5299569,0.54942715,0.5257535,0.5779611,0.49872965,0.51999605,0.5247693,0.53638023,0.5087237,0.512102
0.49724483,0.53692126,0.51699996,0.51959264,0.50669014,0.48277834,0.49585336,0.5042261,0.48379984,0.49359107,0.5047283,0.49340138,0.5054746
0.49430212,0.49785954,0.5332833,0.5018374,0.5085298,0.49722323,0.54765594,0.530058,0.47465152,0.4657636,0.5034473,0.48898587,0.49087942
0.49399206,0.47124326,0.50460595,0.53957605,0.4609363,0.49190748,0.5144004,0.4910618,0.5331061,0.4874034,0.50356495,0.5003889,0.49559987
0.48771918,0.49693054,0.5000361,0.49876127,0.4637251,0.4873136,0.49557537,0.52061296,0.50245064,0.4814633,0.49900743,0.5016625,0.51472974
0.49080297,0.46281093,0.5095639,0.5120943,0.47982603,0.48458284,0.5230099,0.5255227,0.5000894,0.4602846,0.49122602,0.4841369,0.5051461
0.46797174,0.45639515,0.51090807,0.5479469,0.4299738,0.48619503,0.48704273,0.5267834,0.5158027,0.5017035,0.50511163,0.4958485,0.48437208
0.4755212,0.45578045,0.5440639,0.5521994,0.5433675,0.5201315,0.5917857,0.5121726,0.52244174,0.5128637,0.53180605,0.49888074,0.4919229
0.47847056,0.4335517,0.48991337,0.51983887,0.4417352,0.47978827,0.4888157,0.5024975,0.50610757,0.4501383,0.47806177,0.5032608,0.48730037
0.4810908,0.428937,0.47787136,0.49258417,0.43569362,0.4840183,0.489954,0.5007113,0.50077564,0.43354356,0.4784151,0.48728794,0.48821667
0.48791015,0.4593544,0.51431453,0.5109242,0.47247532,0.48948717,0.52014065,0.509549,0.5128573,0.4418834,0.496447,0.4893717,0.49346954
0.4747022,0.46720397,0.50150883,0.507797,0.4465512,0.48442173,0.50843775,0.53098875,0.48990896,0.45893484,0.49516037,0.48280126,0.4770737
0.49976888,0.4985434,0.5135661,0.49705565,0.49728698,0.49818343,0.52354157,0.5284337,0.50189644,0.49071005,0.50772035,0.5003945,0.51767015
0.49551442,0.48385546,0.52795553,0.5180213,0.51210874,0.51414967,0.55118334,0.5282416,0.517369,0.52878314,0.53533584,0.49979293,0.520487
0.47759992,0.50339633,0.5035833,0.54744154,0.44076374,0.4835489,0.46634844,0.52182233,0.5166955,0.5073393,0.5048649,0.4996539,0.5058454
0.4833466,0.50098157,0.51337254,0.5359698,0.47517595,0.46794322,0.49052158,0.5104146,0.48081675,0.45289284,0.4759993,0.48566633,0.48785183
0.49638286,0.4607064,0.48786762,0.49647883,0.42819,0.4831549,0.47836018,0.50422204,0.49340034,0.43102035,0.46989062,0.49983752,0.47313672
0.50309676,0.50670797,0.5252657,0.49136084,0.51092744,0.5148585,0.52906203,0.5131396,0.51564187,0.5149209,0.52363414,0.5131645,0.5222319
0.49350938,0.4949397,0.52776504,0.5189301,0.4946679,0.5126072,0.55596554,0.5210341,0.51074404,0.51218396,0.52258664,0.5078288,0.487583
0.48704374,0.46745405,0.5052588,0.52843153,0.4718387,0.4928683,0.51780856,0.50168854,0.53203106,0.47467637,0.506915,0.49979067,0.50486183
0.49625418,0.47054893,0.51321083,0.5052762,0.4823252,0.50791955,0.5298238,0.50910467,0.53566116,0.49899247,0.51671284,0.50440913,0.5141661
0.460223,0.44864437,0.5228813,0.5567875,0.479576,0.51987094,0.5574313,0.52623487,0.53110427,0.5627879,0.5445148,0.49800667,0.47898415
0.471787,0.4635145,0.48558977,0.51695526,0.39945903,0.48202357,0.4699725,0.5117437,0.50499827,0.4719163,0.48884547,0.4970156,0.4742217
0.50888264,0.5001304,0.49930745,0.48317844,0.4697895,0.48156437,0.49235025,0.51553047,0.48915225,0.4464833,0.48370057,0.486885,0.50918984
0.49980673,0.53548914,0.52639365,0.5332616,0.5365649,0.50337106,0.5446597,0.5170633,0.48968673,0.53111964,0.5222445,0.49379593,0.48602968
0.4770874,0.51260734,0.5193003,0.5276953,0.5263731,0.52467215,0.527648,0.51251835,0.4914211,0.58085966,0.54083246,0.5007115,0.4907463
0.49835,0.48709053,0.52176315,0.5215248,0.47998655,0.5038044,0.5259113,0.53076726,0.48505467,0.4893446,0.5064955,0.49102366,0.4704492
0.50152814,0.54096043,0.51275426,0.51427495,0.5135909,0.47546306,0.5021324,0.5136747,0.46302742,0.4647412,0.48933312,0.47714978,0.4863201
0.502072,0.4674162,0.52267784,0.5315118,0.5081662,0.52339566,0.53999996,0.51323354,0.5191409,0.5494953,0.53326994,0.5079397,0.5087696
0.48693773,0.51258284,0.5228431,0.49822786,0.5189561,0.51013744,0.53057915,0.52667487,0.48452628,0.5152486,0.52269137,0.4933765,0.50343215
0.46921942,0.46613464,0.49755958,0.50492865,0.45199245,0.49661598,0.50342125,0.5289749,0.49899668,0.4863464,0.49834052,0.4969978,0.48683697
0.4695068,0.46939266,0.5114654,0.5088248,0.48444387,0.5223523,0.52058715,0.5098659,0.5163672,0.54622,0.52972126,0.5196953,0.50102466
0.47741795,0.5095597,0.52249104,0.53959256,0.5312483,0.52099246,0.54868966,0.51235515,0.50224143,0.59476733,0.5510286,0.5153826,0.50334316
0.49002138,0.53141713,0.4958674,0.5166715,0.4702437,0.47455564,0.48532662,0.51199156,0.49028718,0.47042707,0.48636785,0.49284506,0.48764893
0.47570568,0.49419197,0.49763617,0.52066547,0.4489574,0.49554107,0.49645472,0.52667886,0.51352006,0.49529433,0.5076711,0.49664566,0.4837374
0.4885037,0.48173797,0.5114665,0.50721073,0.48246083,0.49937427,0.52813226,0.5296348,0.5122591,0.49754214,0.5176359,0.49217817,0.5131095
0.48446986,0.44396508,0.48354107,0.50961995,0.44275704,0.47740632,0.47969514,0.49120757,0.5029008,0.4504998,0.47274986,0.5038513,0.4902359
0.49113467,0.5145638,0.5274378,0.5060169,0.52289015,0.5133269,0.54866093,0.5345722,0.47236124,0.5131276,0.5245464,0.48288357,0.48826444
0.5119836,0.48059586,0.5280834,0.5410423,0.50053895,0.52026415,0.5452031,0.50964683,0.5347443,0.5394273,0.5310519,0.5122218,0.4960467
0.4793447,0.47101492,0.49846333,0.5104086,0.43469587,0.49871486,0.5016184,0.5332928,0.5069396,0.49409607,0.5064651,0.49155444,0.47011667
0.4900776,0.45577106,0.48012322,0.48477408,0.43110088,0.48183724,0.47757393,0.5084245,0.49242583,0.44370666,0.46993938,0.49327257,0.4880567
0.48996112,0.43525282,0.49200425,0.5077487,0.441309,0.4888829,0.48312733,0.5031168,0.50928074,0.4433235,0.48621926,0.486538,0.48329428
0.48052633,0.45054123,0.5006802,0.50367475,0.46690312,0.4852373,0.51589435,0.5185926,0.48767945,0.4501009,0.48652267,0.47651923,0.48122594
0.5091759,0.5227062,0.5439023,0.5151862,0.5477108,0.5025932,0.5549862,0.51495284,0.4666509,0.48025903,0.5069843,0.49089584,0.4910007
0.48493215,0.48367107,0.51948583,0.5212802,0.50476015,0.49192733,0.546217,0.5305625,0.50042295,0.4926323,0.50859666,0.4954995,0.50974
0.48191702,0.47074395,0.50029963,0.53881073,0.4819564,0.47740716,0.5002926,0.5056487,0.5085684,0.46125093,0.49129158,0.49801368,0.4936792
0.46691376,0.4557158,0.5183379,0.52410376,0.50037295,0.5215444,0.558508,0.5264898,0.5187285,0.54345083,0.54203767,0.49352896,0.49966374
0.49811646,0.5119458,0.535634,0.5324389,0.520149,0.5053392,0.5702573,0.518158,0.5013733,0.5036648,0.520773,0.4986913,0.4787513
0.48239028,0.4349407,0.5014372,0.5125969,0.45447806,0.48391736,0.48054364,0.49782273,0.50513434,0.4442707,0.48629305,0.50367796,0.500825
0.49494973,0.50698495,0.5354659,0.5112737,0.52855384,0.5092978,0.5549498,0.5354307,0.4994562,0.5137131,0.52570546,0.49615785,0.51412845
0.4827016,0.51748997,0.5087744,0.5231168,0.5015591,0.49468365,0.526878,0.50292796,0.5046243,0.511582,0.51017827,0.50799924,0.48877147
0.473815,0.51057386,0.51277995,0.54788357,0.4847066,0.4873466,0.5112991,0.50545007,0.523373,0.53787637,0.5247038,0.5101,0.5012759
0.49577472,0.45878765,0.514864,0.5302551,0.4783141,0.51145566,0.5432532,0.5066482,0.5426227,0.51372933,0.5243127,0.50149596,0.49270663
0.46543002,0.49473017,0.5225907,0.5629511,0.49577537,0.4926286,0.5136357,0.5225766,0.5141231,0.549127,0.53236926,0.4944416,0.49743885
0.5071777,0.5137343,0.50963306,0.50408417,0.4681142,0.4797071,0.45740944,0.5080684,0.4783375,0.45925483,0.48068258,0.49171138,0.50156695
0.48143604,0.4492698,0.5016807,0.5354873,0.46520764,0.4947573,0.51559263,0.502335,0.53076947,0.4705881,0.50052243,0.4961479,0.49806094
0.47088075,0.47967172,0.49637592,0.5249114,0.43070245,0.4740651,0.48090258,0.52662486,0.49447107,0.45885372,0.4797812,0.4875318,0.47914663
0.48598713,0.4771357,0.5374846,0.53314674,0.5012593,0.5218808,0.5662724,0.54309785,0.5110681,0.53755087,0.541119,0.49210408,0.49201897
0.5007994,0.53507626,0.51333266,0.49296564,0.49833414,0.5017739,0.51053506,0.5277309,0.4805788,0.5153306,0.5193866,0.4914651,0.5004779
0.50168574,0.48943153,0.5376279,0.51029193,0.5549539,0.5322468,0.5503042,0.49840778,0.5028326,0.54765147,0.53542227,0.5155451,0.52656317
0.48809633,0.47647154,0.52652985,0.51870084,0.4939665,0.5135349,0.5419719,0.49578,0.53196454,0.50333846,0.5208039,0.5166729,0.5005402
0.50385064,0.5557712,0.52891254,0.51818055,0.54467434,0.49411902,0.5276547,0.5056853,0.45939666,0.5007121,0.500524,0.48877257,0.485495
0.48449534,0.45977876,0.51482135,0.52386177,0.49072757,0.47742903,0.5324796,0.51580656,0.4986821,0.4419679,0.4897484,0.48575118,0.48680282
0.5034712,0.4985633,0.52522135,0.5009105,0.50643826,0.5015119,0.5341133,0.51709694,0.5126515,0.49112493,0.51147217,0.50640064,0.5210634
0.4954121,0.49959925,0.54105926,0.5347277,0.5538063,0.50679576,0.5854097,0.51568544,0.50011593,0.4959981,0.5207827,0.49110353,0.49028093
0.48460448,0.47057,0.5257753,0.5108761,0.5236492,0.5237113,0.55351555,0.52623534,0.51186895,0.534545,0.54085994,0.5005629,0.51641273
0.48546693,0.45248005,0.51524884,0.5386686,0.48205987,0.51932347,0.5496967,0.5157871,0.5410492,0.53530556,0.53439224,0.49621403,0.48558956
0.49041831,0.46211666,0.5141233,0.5166401,0.5078913,0.49710435,0.54857767,0.51185054,0.518852,0.48375827,0.51120913,0.49007457,0.5113651
0.4937965,0.48888782,0.5133704,0.51599115,0.51378226,0.52199924,0.52377874,0.5245623,0.5097735,0.55688626,0.53190416,0.5061993,0.52231395
0.4867222,0.44627136,0.4859678,0.4884619,0.43795636,0.49636284,0.49599734,0.4935708,0.5044709,0.46571937,0.4898275,0.50530624,0.4711329
0.475032,0.49563038,0.5138029,0.54041123,0.46969497,0.49624866,0.5011909,0.5101289,0.5174114,0.5255918,0.5253736,0.49502894,0.49870947
0.48124772,0.43937472,0.4895098,0.49875906,0.4720872,0.4916836,0.51746076,0.50072527,0.50777185,0.44445407,0.4906223,0.4832554,0.48788503
0.4711633,0.46210188,0.53592896,0.54209805,0.49062115,0.49498898,0.558834,0.5332745,0.49779618,0.48102295,0.51589847,0.48313296,0.47260368
0.46913102,0.48817927,0.4855762,0.50340295,0.42022854,0.48484975,0.46093702,0.5198854,0.4957678,0.48507187,0.48775566,0.5072982,0.4883874
0.48600063,0.5029186,0.514929,0.506658,0.4826657,0.49077308,0.52251774,0.5398979,0.49134105,0.49142537,0.5164629,0.49026427,0.50144845
0.48923442,0.45221162,0.49806106,0.49507517,0.4732943,0.48883578,0.5078495,0.5120668,0.50878394,0.45522353,0.4932683,0.491826,0.51136667
0.48299697,0.45021898,0.51043904,0.515548,0.48272282,0.49950188,0.5375368,0.5210606,0.52741337,0.4893103,0.51311463,0.49345312,0.51365143
0.48600307,0.47913826,0.48234367,0.50269234,0.45917627,0.4863655,0.48746717,0.510003,0.51125395,0.4679987,0.48448387,0.49880597,0.50556535
0.47104573,0.48472375,0.5214024,0.5543221,0.49005634,0.5151134,0.51707387,0.5247622,0.50239986,0.5751915,0.53250396,0.5000201,0.4938962
0.4625401,0.45859966,0.51491994,0.52765125,0.45847696,0.5157967,0.5292141,0.52557623,0.53032565,0.55222434,0.5412581,0.5035541,0.489782
0.45855638,0.44690436,0.5043272,0.52122366,0.44058275,0.50469816,0.49700093,0.51986355,0.51746136,0.50522494,0.51483995,0.504246,0.4851151
0.48037213,0.4528252,0.4935499,0.52557594,0.42592308,0.493189,0.48555696,0.52465457,0.5073309,0.4857046,0.4988616,0.49307457,0.47608048
0.5143958,0.5029319,0.5340106,0.5195023,0.5400584,0.5142604,0.56540495,0.49949843,0.5137425,0.5111013,0.526694,0.51285595,0.50723976
0.46232444,0.47240263,0.5177694,0.54164,0.5243479,0.5183684,0.543948,0.51838976,0.5131509,0.5776302,0.5504432,0.50336385,0.50758755
0.47449252,0.42879465,0.497399,0.5258235,0.44672215,0.49229062,0.48682454,0.51253766,0.5172929,0.4732197,0.5042465,0.49661094,0.48641086
0.46705732,0.4703022,0.501348,0.51131475,0.46614832,0.49180952,0.50973564,0.519001,0.5101089,0.49825075,0.5056609,0.5044306,0.5024703
0.49127328,0.4886579,0.5498761,0.55941457,0.5551342,0.51913035,0.5934762,0.5001016,0.51467115,0.53960025,0.5352744,0.5092705,0.49245286
0.46493474,0.4710684,0.48416862,0.4941779,0.43668655,0.49923348,0.49905127,0.5034456,0.5099894,0.5002102,0.51121336,0.5136644,0.48166266
0.4811887,0.4668726,0.5130581,0.5239323,0.48195842,0.49494532,0.5403474,0.53112763,0.49021742,0.48135254,0.4996289,0.48392826,0.47678873
0.49167764,0.48185122,0.52079165,0.5176215,0.48532945,0.5012217,0.5336582,0.53464293,0.49333844,0.5010952,0.5111508,0.49335775,0.48418653
0.48936337,0.45323208,0.53787357,0.53384256,0.526697,0.52659297,0.5747294,0.5305112,0.5226921,0.54036343,0.5427847,0.4979413,0.51284516
0.4627841,0.45008406,0.49392664,0.52358437,0.4308351,0.49409497,0.48764658,0.5015052,0.51960295,0.4894683,0.4995812,0.5090654,0.48395395
0.49073178,0.4968714,0.543542,0.5317388,0.55741775,0.5043044,0.5845051,0.5027923,0.48017174,0.48436618,0.5146617,0.4867499,0.48404577
0.4959795,0.47460395,0.48590013,0.5134123,0.43614578,0.48186383,0.46679303,0.491688,0.47743598,0.4408697,0.4673045,0.504672,0.4722076
0.47702238,0.45424286,0.5088321,0.518139,0.4644882,0.4843631,0.5190954,0.52043355,0.48777163,0.45999348,0.4876314,0.4873604,0.47102055
0.476473,0.49098873,0.53517896,0.5263335,0.5644568,0.52893156,0.56579584,0.5000549,0.48062935,0.5509665,0.53726584,0.49770433,0.5011888
0.4824126,0.448373,0.51176375,0.54776067,0.48509485,0.51679873,0.5374783,0.5173712,0.525315,0.5406671,0.527747,0.49461526,0.49645376
